,filehash,winner,player_1_race,player_2_race,seconds,food_made_1,food_made_2,food_used_1,food_used_2,minerals_collection_rate_1,minerals_collection_rate_2,minerals_lost_1,minerals_lost_2,minerals_lost_army_1,minerals_lost_army_2,minerals_used_current_1,minerals_used_current_2,minerals_used_current_army_1,minerals_used_current_army_2,minerals_used_current_economy_1,minerals_used_current_economy_2,vespene_collection_rate_1,vespene_collection_rate_2,vespene_lost_1,vespene_lost_2,vespene_lost_army_1,vespene_lost_army_2,vespene_used_current_1,vespene_used_current_2,vespene_used_current_army_1,vespene_used_current_army_2,vespene_used_current_economy_1,vespene_used_current_economy_2,vespene_used_current_technology_1,vespene_used_current_technology_2,workers_active_count_1,workers_active_count_2
0,1b017c9c244e1c635a717f5a69b45afee739737b6ed594c00476088fdfe1ce92,2,Protoss,Protoss,0.0,15.0,15.0,12.0,12.0,0.0,0.0,0.0,0.0,0.0,0.0,1000.0,1000.0,0.0,0.0,1000.0,1000.0,0.0,0.0,0.0,0.0,0.0,0.0,0.0,0.0,0.0,0.0,0.0,0.0,0.0,0.0,12.0,12.0
1,1b017c9c244e1c635a717f5a69b45afee739737b6ed594c00476088fdfe1ce92,2,Protoss,Protoss,10.0,15.0,15.0,13.0,13.0,251.0,209.0,0.0,0.0,0.0,0.0,1000.0,1000.0,0.0,0.0,1000.0,1000.0,0.0,0.0,0.0,0.0,0.0,0.0,0.0,0.0,0.0,0.0,0.0,0.0,0.0,0.0,12.0,12.0
2,1b017c9c244e1c635a717f5a69b45afee739737b6ed594c00476088fdfe1ce92,2,Protoss,Protoss,20.0,15.0,15.0,13.0,14.0,643.0,671.0,0.0,0.0,0.0,0.0,1050.0,1050.0,0.0,0.0,1050.0,1050.0,0.0,0.0,0.0,0.0,0.0,0.0,0.0,0.0,0.0,0.0,0.0,0.0,0.0,0.0,13.0,13.0
3,1b017c9c244e1c635a717f5a69b45afee739737b6ed594c00476088fdfe1ce92,2,Protoss,Protoss,30.0,15.0,15.0,14.0,14.0,727.0,727.0,0.0,0.0,0.0,0.0,1050.0,1050.0,0.0,0.0,1050.0,1050.0,0.0,0.0,0.0,0.0,0.0,0.0,0.0,0.0,0.0,0.0,0.0,0.0,0.0,0.0,13.0,13.0
4,1b017c9c244e1c635a717f5a69b45afee739737b6ed594c00476088fdfe1ce92,2,Protoss,Protoss,40.0,15.0,15.0,14.0,15.0,727.0,727.0,0.0,0.0,0.0,0.0,1050.0,1100.0,0.0,0.0,1050.0,1100.0,0.0,0.0,0.0,0.0,0.0,0.0,0.0,0.0,0.0,0.0,0.0,0.0,0.0,0.0,13.0,14.0
5,1b017c9c244e1c635a717f5a69b45afee739737b6ed594c00476088fdfe1ce92,2,Protoss,Protoss,50.0,15.0,15.0,15.0,15.0,671.0,755.0,0.0,0.0,0.0,0.0,1100.0,1100.0,0.0,0.0,1100.0,1100.0,0.0,0.0,0.0,0.0,0.0,0.0,0.0,0.0,0.0,0.0,0.0,0.0,0.0,0.0,14.0,14.0
6,1b017c9c244e1c635a717f5a69b45afee739737b6ed594c00476088fdfe1ce92,2,Protoss,Protoss,60.0,15.0,23.0,15.0,16.0,727.0,811.0,0.0,0.0,0.0,0.0,1100.0,1250.0,0.0,0.0,1100.0,1250.0,0.0,0.0,0.0,0.0,0.0,0.0,0.0,0.0,0.0,0.0,0.0,0.0,0.0,0.0,14.0,15.0
7,1b017c9c244e1c635a717f5a69b45afee739737b6ed594c00476088fdfe1ce92,2,Protoss,Protoss,70.0,15.0,23.0,15.0,17.0,727.0,811.0,0.0,0.0,0.0,0.0,1150.0,1300.0,0.0,0.0,1150.0,1300.0,0.0,0.0,0.0,0.0,0.0,0.0,0.0,0.0,0.0,0.0,0.0,0.0,0.0,0.0,15.0,16.0
8,1b017c9c244e1c635a717f5a69b45afee739737b6ed594c00476088fdfe1ce92,2,Protoss,Protoss,80.0,23.0,23.0,16.0,18.0,783.0,755.0,0.0,0.0,0.0,0.0,1250.0,1350.0,0.0,0.0,1250.0,1350.0,0.0,0.0,0.0,0.0,0.0,0.0,0.0,0.0,0.0,0.0,0.0,0.0,0.0,0.0,15.0,17.0
9,1b017c9c244e1c635a717f5a69b45afee739737b6ed594c00476088fdfe1ce92,2,Protoss,Protoss,90.0,23.0,23.0,16.0,18.0,783.0,839.0,0.0,0.0,0.0,0.0,1250.0,1350.0,0.0,0.0,1250.0,1350.0,0.0,0.0,0.0,0.0,0.0,0.0,0.0,0.0,0.0,0.0,0.0,0.0,0.0,0.0,15.0,17.0
10,1b017c9c244e1c635a717f5a69b45afee739737b6ed594c00476088fdfe1ce92,2,Protoss,Protoss,100.0,23.0,23.0,17.0,19.0,755.0,839.0,0.0,0.0,0.0,0.0,1375.0,1475.0,0.0,0.0,1375.0,1475.0,0.0,0.0,0.0,0.0,0.0,0.0,0.0,0.0,0.0,0.0,0.0,0.0,0.0,0.0,16.0,18.0
11,1b017c9c244e1c635a717f5a69b45afee739737b6ed594c00476088fdfe1ce92,2,Protoss,Protoss,110.0,23.0,23.0,18.0,20.0,671.0,839.0,0.0,0.0,0.0,0.0,1500.0,1525.0,0.0,0.0,1500.0,1525.0,134.0,89.0,0.0,0.0,0.0,0.0,0.0,0.0,0.0,0.0,0.0,0.0,0.0,0.0,17.0,19.0
12,1b017c9c244e1c635a717f5a69b45afee739737b6ed594c00476088fdfe1ce92,2,Protoss,Protoss,120.0,23.0,31.0,18.0,21.0,559.0,811.0,0.0,0.0,0.0,0.0,1500.0,1675.0,0.0,0.0,1500.0,1675.0,223.0,156.0,0.0,0.0,0.0,0.0,0.0,0.0,0.0,0.0,0.0,0.0,0.0,0.0,17.0,20.0
13,1b017c9c244e1c635a717f5a69b45afee739737b6ed594c00476088fdfe1ce92,2,Protoss,Protoss,130.0,23.0,31.0,19.0,21.0,671.0,783.0,0.0,0.0,0.0,0.0,1550.0,1725.0,0.0,0.0,1550.0,1725.0,246.0,156.0,0.0,0.0,0.0,0.0,0.0,0.0,0.0,0.0,0.0,0.0,0.0,0.0,18.0,21.0
14,1b017c9c244e1c635a717f5a69b45afee739737b6ed594c00476088fdfe1ce92,2,Protoss,Protoss,140.0,31.0,31.0,20.0,23.0,643.0,839.0,0.0,0.0,0.0,0.0,1700.0,1875.0,0.0,0.0,1700.0,1725.0,246.0,156.0,0.0,0.0,0.0,0.0,0.0,0.0,0.0,0.0,0.0,0.0,0.0,0.0,19.0,21.0
15,1b017c9c244e1c635a717f5a69b45afee739737b6ed594c00476088fdfe1ce92,2,Protoss,Protoss,150.0,31.0,31.0,20.0,24.0,727.0,783.0,0.0,0.0,0.0,0.0,1750.0,1875.0,0.0,0.0,1750.0,1725.0,246.0,156.0,0.0,0.0,0.0,0.0,0.0,0.0,0.0,0.0,0.0,0.0,0.0,0.0,20.0,21.0
16,1b017c9c244e1c635a717f5a69b45afee739737b6ed594c00476088fdfe1ce92,2,Protoss,Protoss,160.0,31.0,31.0,21.0,25.0,699.0,839.0,0.0,0.0,0.0,0.0,1900.0,1925.0,0.0,0.0,1750.0,1775.0,223.0,156.0,0.0,0.0,0.0,0.0,0.0,0.0,0.0,0.0,0.0,0.0,0.0,0.0,20.0,22.0
17,1b017c9c244e1c635a717f5a69b45afee739737b6ed594c00476088fdfe1ce92,2,Protoss,Protoss,170.0,31.0,31.0,21.0,25.0,783.0,839.0,0.0,0.0,0.0,0.0,1900.0,1925.0,0.0,0.0,1750.0,1775.0,246.0,156.0,0.0,0.0,0.0,0.0,0.0,0.0,0.0,0.0,0.0,0.0,0.0,0.0,20.0,22.0
18,1b017c9c244e1c635a717f5a69b45afee739737b6ed594c00476088fdfe1ce92,2,Protoss,Protoss,180.0,31.0,31.0,22.0,28.0,755.0,867.0,0.0,0.0,0.0,0.0,2100.0,2075.0,0.0,100.0,1800.0,1825.0,246.0,156.0,0.0,0.0,0.0,0.0,0.0,0.0,0.0,0.0,0.0,0.0,0.0,0.0,21.0,23.0
19,1b017c9c244e1c635a717f5a69b45afee739737b6ed594c00476088fdfe1ce92,2,Protoss,Protoss,190.0,31.0,39.0,25.0,29.0,783.0,895.0,0.0,0.0,0.0,0.0,2150.0,2225.0,0.0,100.0,1850.0,1975.0,268.0,156.0,0.0,0.0,0.0,0.0,0.0,0.0,0.0,0.0,0.0,0.0,0.0,0.0,22.0,24.0
20,1b017c9c244e1c635a717f5a69b45afee739737b6ed594c00476088fdfe1ce92,2,Protoss,Protoss,200.0,31.0,39.0,26.0,29.0,811.0,923.0,0.0,0.0,0.0,0.0,2200.0,2425.0,0.0,100.0,1900.0,2025.0,246.0,179.0,0.0,0.0,0.0,0.0,0.0,0.0,0.0,0.0,0.0,0.0,0.0,0.0,23.0,25.0
21,1b017c9c244e1c635a717f5a69b45afee739737b6ed594c00476088fdfe1ce92,2,Protoss,Protoss,210.0,31.0,39.0,26.0,31.0,839.0,923.0,0.0,0.0,0.0,0.0,2200.0,2575.0,0.0,100.0,1900.0,2025.0,246.0,179.0,0.0,0.0,0.0,0.0,0.0,0.0,0.0,0.0,0.0,0.0,0.0,0.0,23.0,25.0
22,1b017c9c244e1c635a717f5a69b45afee739737b6ed594c00476088fdfe1ce92,2,Protoss,Protoss,220.0,31.0,39.0,27.0,33.0,951.0,923.0,0.0,0.0,0.0,0.0,2250.0,2675.0,0.0,200.0,1950.0,2025.0,246.0,156.0,0.0,0.0,0.0,0.0,0.0,0.0,0.0,0.0,0.0,0.0,0.0,0.0,24.0,25.0
23,1b017c9c244e1c635a717f5a69b45afee739737b6ed594c00476088fdfe1ce92,2,Protoss,Protoss,230.0,31.0,39.0,28.0,33.0,951.0,979.0,0.0,0.0,0.0,0.0,2400.0,2675.0,100.0,200.0,2000.0,2025.0,246.0,156.0,0.0,0.0,0.0,0.0,0.0,0.0,0.0,0.0,0.0,0.0,0.0,0.0,25.0,25.0
24,1b017c9c244e1c635a717f5a69b45afee739737b6ed594c00476088fdfe1ce92,2,Protoss,Protoss,240.0,31.0,39.0,28.0,33.0,951.0,1007.0,0.0,0.0,0.0,0.0,2550.0,2675.0,100.0,200.0,2000.0,2025.0,246.0,156.0,0.0,0.0,0.0,0.0,0.0,0.0,0.0,0.0,0.0,0.0,0.0,0.0,25.0,25.0
25,1b017c9c244e1c635a717f5a69b45afee739737b6ed594c00476088fdfe1ce92,2,Protoss,Protoss,250.0,31.0,39.0,29.0,35.0,923.0,1063.0,0.0,0.0,0.0,0.0,2600.0,2775.0,100.0,300.0,2050.0,2025.0,246.0,156.0,0.0,0.0,0.0,0.0,0.0,25.0,0.0,25.0,0.0,0.0,0.0,0.0,26.0,25.0
26,1b017c9c244e1c635a717f5a69b45afee739737b6ed594c00476088fdfe1ce92,2,Protoss,Protoss,260.0,31.0,39.0,29.0,38.0,1007.0,1035.0,0.0,0.0,0.0,0.0,2600.0,2875.0,100.0,400.0,2050.0,2025.0,223.0,156.0,0.0,0.0,0.0,0.0,0.0,50.0,0.0,50.0,0.0,0.0,0.0,0.0,26.0,25.0
27,1b017c9c244e1c635a717f5a69b45afee739737b6ed594c00476088fdfe1ce92,2,Protoss,Protoss,270.0,31.0,39.0,29.0,38.0,979.0,979.0,0.0,0.0,0.0,0.0,2650.0,2925.0,100.0,400.0,2100.0,2075.0,223.0,156.0,0.0,0.0,0.0,0.0,0.0,50.0,0.0,50.0,0.0,0.0,0.0,0.0,27.0,26.0
28,1b017c9c244e1c635a717f5a69b45afee739737b6ed594c00476088fdfe1ce92,2,Protoss,Protoss,280.0,31.0,39.0,30.0,38.0,1147.0,1091.0,0.0,0.0,0.0,0.0,2650.0,3075.0,100.0,400.0,2100.0,2075.0,246.0,156.0,0.0,0.0,0.0,0.0,0.0,50.0,0.0,50.0,0.0,0.0,0.0,0.0,27.0,26.0
29,1b017c9c244e1c635a717f5a69b45afee739737b6ed594c00476088fdfe1ce92,2,Protoss,Protoss,290.0,31.0,47.0,30.0,42.0,1063.0,1063.0,0.0,0.0,0.0,0.0,2650.0,3275.0,100.0,500.0,2100.0,2175.0,246.0,179.0,0.0,0.0,0.0,0.0,0.0,75.0,0.0,75.0,0.0,0.0,0.0,0.0,27.0,26.0
30,1b017c9c244e1c635a717f5a69b45afee739737b6ed594c00476088fdfe1ce92,2,Protoss,Protoss,300.0,31.0,47.0,31.0,46.0,1063.0,1063.0,0.0,0.0,0.0,0.0,2700.0,3525.0,100.0,600.0,2150.0,2175.0,268.0,156.0,0.0,0.0,0.0,0.0,0.0,100.0,0.0,100.0,0.0,0.0,0.0,0.0,28.0,26.0
31,1b017c9c244e1c635a717f5a69b45afee739737b6ed594c00476088fdfe1ce92,2,Protoss,Protoss,310.0,31.0,47.0,31.0,46.0,1063.0,1007.0,0.0,0.0,0.0,0.0,2750.0,3525.0,100.0,600.0,2200.0,2175.0,246.0,156.0,0.0,0.0,0.0,0.0,0.0,100.0,0.0,100.0,0.0,0.0,0.0,0.0,29.0,26.0
32,1b017c9c244e1c635a717f5a69b45afee739737b6ed594c00476088fdfe1ce92,2,Protoss,Protoss,320.0,31.0,47.0,31.0,46.0,1091.0,1035.0,0.0,0.0,0.0,0.0,2750.0,3525.0,100.0,600.0,2200.0,2175.0,246.0,156.0,0.0,0.0,0.0,0.0,0.0,100.0,0.0,100.0,0.0,0.0,0.0,0.0,29.0,26.0
33,1b017c9c244e1c635a717f5a69b45afee739737b6ed594c00476088fdfe1ce92,2,Protoss,Protoss,330.0,31.0,55.0,31.0,46.0,1035.0,1063.0,0.0,0.0,0.0,0.0,2900.0,3725.0,100.0,700.0,2200.0,2275.0,246.0,156.0,0.0,0.0,0.0,0.0,100.0,125.0,0.0,125.0,0.0,0.0,100.0,0.0,29.0,26.0
34,1b017c9c244e1c635a717f5a69b45afee739737b6ed594c00476088fdfe1ce92,2,Protoss,Protoss,340.0,62.0,55.0,34.0,46.0,1119.0,1063.0,0.0,0.0,0.0,0.0,3650.0,4025.0,100.0,1000.0,2800.0,2275.0,246.0,179.0,0.0,0.0,0.0,0.0,100.0,200.0,0.0,200.0,0.0,0.0,100.0,0.0,29.0,26.0
35,1b017c9c244e1c635a717f5a69b45afee739737b6ed594c00476088fdfe1ce92,2,Protoss,Protoss,350.0,62.0,55.0,35.0,46.0,1119.0,1119.0,0.0,0.0,0.0,0.0,3700.0,4025.0,100.0,1000.0,2850.0,2275.0,246.0,179.0,0.0,0.0,0.0,0.0,100.0,200.0,0.0,200.0,0.0,0.0,100.0,0.0,30.0,26.0
36,1b017c9c244e1c635a717f5a69b45afee739737b6ed594c00476088fdfe1ce92,2,Protoss,Protoss,360.0,62.0,55.0,36.0,46.0,1231.0,1035.0,0.0,0.0,0.0,0.0,3700.0,4025.0,100.0,1000.0,2850.0,2275.0,246.0,156.0,0.0,0.0,0.0,0.0,100.0,200.0,0.0,200.0,0.0,0.0,100.0,0.0,30.0,26.0
37,1b017c9c244e1c635a717f5a69b45afee739737b6ed594c00476088fdfe1ce92,2,Protoss,Protoss,370.0,62.0,63.0,37.0,46.0,1259.0,1147.0,0.0,0.0,0.0,0.0,3750.0,4275.0,100.0,1000.0,2900.0,2375.0,223.0,156.0,0.0,0.0,0.0,0.0,100.0,300.0,0.0,200.0,0.0,0.0,100.0,100.0,31.0,26.0
38,1b017c9c244e1c635a717f5a69b45afee739737b6ed594c00476088fdfe1ce92,2,Protoss,Protoss,380.0,62.0,63.0,39.0,46.0,1371.0,1091.0,0.0,0.0,0.0,0.0,3925.0,4275.0,225.0,1000.0,2950.0,2375.0,223.0,156.0,0.0,0.0,0.0,0.0,150.0,300.0,50.0,200.0,0.0,0.0,100.0,100.0,32.0,26.0
39,1b017c9c244e1c635a717f5a69b45afee739737b6ed594c00476088fdfe1ce92,2,Protoss,Protoss,390.0,70.0,63.0,39.0,46.0,1483.0,1175.0,0.0,0.0,0.0,0.0,4075.0,4275.0,225.0,1000.0,3100.0,2375.0,246.0,156.0,0.0,0.0,0.0,0.0,150.0,300.0,50.0,200.0,0.0,0.0,100.0,100.0,33.0,26.0
40,1b017c9c244e1c635a717f5a69b45afee739737b6ed594c00476088fdfe1ce92,2,Protoss,Protoss,400.0,70.0,63.0,41.0,48.0,1483.0,1091.0,0.0,0.0,0.0,0.0,4075.0,4350.0,225.0,1000.0,3100.0,2450.0,246.0,156.0,0.0,0.0,0.0,0.0,150.0,300.0,50.0,200.0,0.0,0.0,100.0,100.0,33.0,26.0
41,1b017c9c244e1c635a717f5a69b45afee739737b6ed594c00476088fdfe1ce92,2,Protoss,Protoss,410.0,70.0,63.0,41.0,48.0,1539.0,951.0,0.0,0.0,0.0,0.0,4075.0,4450.0,225.0,1100.0,3100.0,2450.0,268.0,291.0,0.0,0.0,0.0,0.0,150.0,300.0,50.0,200.0,0.0,0.0,100.0,100.0,33.0,26.0
42,1b017c9c244e1c635a717f5a69b45afee739737b6ed594c00476088fdfe1ce92,2,Protoss,Protoss,420.0,70.0,63.0,45.0,48.0,1511.0,979.0,0.0,0.0,0.0,0.0,4450.0,4450.0,350.0,1100.0,3200.0,2450.0,246.0,313.0,0.0,0.0,0.0,0.0,200.0,300.0,100.0,200.0,0.0,0.0,100.0,100.0,35.0,26.0
43,1b017c9c244e1c635a717f5a69b45afee739737b6ed594c00476088fdfe1ce92,2,Protoss,Protoss,430.0,70.0,63.0,45.0,48.0,1567.0,979.0,0.0,0.0,0.0,0.0,4725.0,4450.0,475.0,1100.0,3200.0,2450.0,246.0,335.0,0.0,0.0,0.0,0.0,250.0,300.0,150.0,200.0,0.0,0.0,100.0,100.0,35.0,26.0
44,1b017c9c244e1c635a717f5a69b45afee739737b6ed594c00476088fdfe1ce92,2,Protoss,Protoss,440.0,70.0,63.0,49.0,48.0,1623.0,1007.0,0.0,0.0,0.0,0.0,4825.0,4450.0,475.0,1100.0,3300.0,2450.0,246.0,358.0,0.0,0.0,0.0,0.0,250.0,300.0,150.0,200.0,0.0,0.0,100.0,100.0,37.0,26.0
45,1b017c9c244e1c635a717f5a69b45afee739737b6ed594c00476088fdfe1ce92,2,Protoss,Protoss,450.0,70.0,63.0,51.0,50.0,1651.0,1007.0,0.0,0.0,0.0,0.0,5050.0,4600.0,600.0,1100.0,3400.0,2450.0,246.0,335.0,0.0,0.0,0.0,0.0,300.0,500.0,200.0,200.0,0.0,0.0,100.0,300.0,39.0,26.0
46,1b017c9c244e1c635a717f5a69b45afee739737b6ed594c00476088fdfe1ce92,2,Protoss,Protoss,460.0,70.0,63.0,51.0,52.0,1707.0,1035.0,0.0,0.0,0.0,0.0,5050.0,4600.0,600.0,1100.0,3400.0,2450.0,246.0,313.0,0.0,0.0,0.0,0.0,300.0,500.0,200.0,200.0,0.0,0.0,100.0,300.0,39.0,26.0
47,1b017c9c244e1c635a717f5a69b45afee739737b6ed594c00476088fdfe1ce92,2,Protoss,Protoss,470.0,70.0,63.0,51.0,52.0,1791.0,1007.0,100.0,0.0,100.0,0.0,5350.0,4650.0,500.0,1150.0,3500.0,2450.0,246.0,291.0,0.0,0.0,0.0,0.0,300.0,650.0,200.0,350.0,0.0,0.0,100.0,300.0,41.0,26.0
48,1b017c9c244e1c635a717f5a69b45afee739737b6ed594c00476088fdfe1ce92,2,Protoss,Protoss,480.0,78.0,63.0,51.0,52.0,1819.0,1035.0,100.0,0.0,100.0,0.0,5450.0,4775.0,500.0,1275.0,3600.0,2450.0,223.0,313.0,0.0,0.0,0.0,0.0,300.0,700.0,200.0,400.0,0.0,0.0,100.0,300.0,41.0,26.0
49,1b017c9c244e1c635a717f5a69b45afee739737b6ed594c00476088fdfe1ce92,2,Protoss,Protoss,490.0,86.0,63.0,53.0,54.0,1847.0,1007.0,100.0,0.0,100.0,0.0,5800.0,4775.0,500.0,1275.0,3800.0,2450.0,223.0,291.0,0.0,0.0,0.0,0.0,300.0,700.0,200.0,400.0,0.0,0.0,100.0,300.0,43.0,26.0
50,1b017c9c244e1c635a717f5a69b45afee739737b6ed594c00476088fdfe1ce92,2,Protoss,Protoss,500.0,86.0,63.0,57.0,54.0,1875.0,1035.0,100.0,0.0,100.0,0.0,6050.0,4725.0,750.0,1225.0,3800.0,2450.0,246.0,313.0,0.0,0.0,0.0,0.0,400.0,550.0,300.0,250.0,0.0,0.0,100.0,300.0,43.0,26.0
51,1b017c9c244e1c635a717f5a69b45afee739737b6ed594c00476088fdfe1ce92,2,Protoss,Protoss,510.0,86.0,78.0,59.0,56.0,1987.0,1035.0,100.0,0.0,100.0,0.0,6150.0,5450.0,750.0,1400.0,3900.0,2850.0,246.0,291.0,0.0,0.0,0.0,0.0,400.0,825.0,300.0,525.0,0.0,0.0,100.0,300.0,45.0,26.0
52,1b017c9c244e1c635a717f5a69b45afee739737b6ed594c00476088fdfe1ce92,2,Protoss,Protoss,520.0,86.0,78.0,61.0,56.0,1959.0,643.0,100.0,0.0,100.0,0.0,6250.0,5450.0,750.0,1400.0,4000.0,2850.0,268.0,291.0,0.0,0.0,0.0,0.0,400.0,825.0,300.0,525.0,0.0,0.0,100.0,300.0,47.0,26.0
53,1b017c9c244e1c635a717f5a69b45afee739737b6ed594c00476088fdfe1ce92,2,Protoss,Protoss,530.0,86.0,78.0,61.0,60.0,2071.0,867.0,100.0,0.0,100.0,0.0,6250.0,5700.0,750.0,1400.0,4000.0,2950.0,246.0,313.0,0.0,0.0,0.0,0.0,400.0,825.0,300.0,525.0,0.0,0.0,100.0,300.0,47.0,28.0
54,1b017c9c244e1c635a717f5a69b45afee739737b6ed594c00476088fdfe1ce92,2,Protoss,Protoss,540.0,86.0,78.0,63.0,62.0,2043.0,1175.0,100.0,0.0,100.0,0.0,6350.0,5850.0,750.0,1450.0,4100.0,3050.0,246.0,335.0,0.0,0.0,0.0,0.0,400.0,975.0,300.0,675.0,0.0,0.0,100.0,300.0,49.0,30.0
55,1b017c9c244e1c635a717f5a69b45afee739737b6ed594c00476088fdfe1ce92,2,Protoss,Protoss,550.0,102.0,78.0,59.0,60.0,2099.0,1287.0,350.0,100.0,350.0,100.0,6300.0,5900.0,500.0,1350.0,4300.0,3200.0,246.0,335.0,100.0,25.0,100.0,25.0,300.0,950.0,200.0,650.0,0.0,0.0,100.0,300.0,49.0,30.0
56,1b017c9c244e1c635a717f5a69b45afee739737b6ed594c00476088fdfe1ce92,2,Protoss,Protoss,560.0,110.0,78.0,57.0,62.0,2099.0,1091.0,475.0,200.0,475.0,200.0,6375.0,5900.0,375.0,1250.0,4500.0,3300.0,246.0,447.0,150.0,25.0,150.0,25.0,250.0,950.0,150.0,650.0,0.0,0.0,100.0,300.0,51.0,32.0
57,1b017c9c244e1c635a717f5a69b45afee739737b6ed594c00476088fdfe1ce92,2,Protoss,Protoss,570.0,110.0,78.0,57.0,65.0,2071.0,1007.0,475.0,300.0,475.0,300.0,6375.0,6000.0,375.0,1300.0,4500.0,3350.0,246.0,604.0,150.0,25.0,150.0,25.0,250.0,1100.0,150.0,800.0,0.0,0.0,100.0,300.0,51.0,33.0
58,1b017c9c244e1c635a717f5a69b45afee739737b6ed594c00476088fdfe1ce92,2,Protoss,Protoss,580.0,110.0,78.0,57.0,69.0,2015.0,1063.0,475.0,300.0,475.0,300.0,6375.0,6325.0,375.0,1525.0,4500.0,3450.0,246.0,671.0,150.0,25.0,150.0,25.0,250.0,1150.0,150.0,850.0,0.0,0.0,100.0,300.0,51.0,35.0
59,1b017c9c244e1c635a717f5a69b45afee739737b6ed594c00476088fdfe1ce92,2,Protoss,Protoss,590.0,125.0,78.0,69.0,72.0,2099.0,1119.0,475.0,300.0,475.0,300.0,7525.0,6275.0,1125.0,1425.0,4900.0,3500.0,223.0,649.0,150.0,25.0,150.0,25.0,550.0,850.0,450.0,550.0,0.0,0.0,100.0,300.0,51.0,36.0
60,1b017c9c244e1c635a717f5a69b45afee739737b6ed594c00476088fdfe1ce92,2,Protoss,Protoss,600.0,125.0,78.0,69.0,75.0,2127.0,1315.0,475.0,300.0,475.0,300.0,7675.0,6500.0,1125.0,1600.0,4900.0,3550.0,223.0,649.0,150.0,25.0,150.0,25.0,550.0,1125.0,450.0,825.0,0.0,0.0,100.0,300.0,51.0,37.0
61,1b017c9c244e1c635a717f5a69b45afee739737b6ed594c00476088fdfe1ce92,2,Protoss,Protoss,610.0,125.0,86.0,69.0,76.0,2183.0,1399.0,475.0,300.0,475.0,300.0,7975.0,6825.0,1125.0,1775.0,4900.0,3700.0,246.0,604.0,150.0,25.0,150.0,25.0,550.0,1325.0,450.0,1025.0,0.0,0.0,100.0,300.0,51.0,38.0
62,1b017c9c244e1c635a717f5a69b45afee739737b6ed594c00476088fdfe1ce92,2,Protoss,Protoss,620.0,125.0,86.0,72.0,81.0,2323.0,1399.0,475.0,300.0,475.0,300.0,7975.0,6925.0,1125.0,1825.0,4900.0,3750.0,246.0,627.0,150.0,25.0,150.0,25.0,550.0,1475.0,450.0,1175.0,0.0,0.0,100.0,300.0,51.0,39.0
63,1b017c9c244e1c635a717f5a69b45afee739737b6ed594c00476088fdfe1ce92,2,Protoss,Protoss,630.0,125.0,86.0,72.0,83.0,2379.0,1511.0,475.0,300.0,475.0,300.0,7975.0,7150.0,1125.0,1950.0,4900.0,3850.0,268.0,649.0,150.0,25.0,150.0,25.0,550.0,1525.0,450.0,1225.0,0.0,0.0,100.0,300.0,51.0,41.0
64,1b017c9c244e1c635a717f5a69b45afee739737b6ed594c00476088fdfe1ce92,2,Protoss,Protoss,640.0,125.0,94.0,75.0,85.0,2323.0,1595.0,475.0,300.0,475.0,300.0,8125.0,7200.0,1125.0,1900.0,5050.0,3950.0,291.0,649.0,150.0,25.0,150.0,25.0,550.0,1325.0,450.0,1025.0,0.0,0.0,100.0,300.0,54.0,41.0
65,1b017c9c244e1c635a717f5a69b45afee739737b6ed594c00476088fdfe1ce92,2,Protoss,Protoss,650.0,125.0,94.0,75.0,87.0,2239.0,1651.0,475.0,300.0,475.0,300.0,8125.0,7475.0,1125.0,2075.0,5050.0,4050.0,313.0,627.0,150.0,25.0,150.0,25.0,550.0,1600.0,450.0,1300.0,0.0,0.0,100.0,300.0,54.0,43.0
66,1b017c9c244e1c635a717f5a69b45afee739737b6ed594c00476088fdfe1ce92,2,Protoss,Protoss,660.0,125.0,102.0,93.0,90.0,2155.0,1679.0,475.0,300.0,475.0,300.0,8650.0,7675.0,1500.0,2125.0,5200.0,4200.0,313.0,671.0,150.0,25.0,150.0,25.0,700.0,1750.0,600.0,1450.0,0.0,0.0,100.0,300.0,57.0,44.0
67,1b017c9c244e1c635a717f5a69b45afee739737b6ed594c00476088fdfe1ce92,2,Protoss,Protoss,670.0,125.0,117.0,93.0,92.0,2295.0,1623.0,475.0,300.0,475.0,300.0,9750.0,8125.0,2000.0,2125.0,5200.0,4650.0,335.0,627.0,150.0,25.0,150.0,25.0,700.0,1750.0,600.0,1450.0,0.0,0.0,100.0,300.0,57.0,45.0
68,1b017c9c244e1c635a717f5a69b45afee739737b6ed594c00476088fdfe1ce92,2,Protoss,Protoss,680.0,125.0,117.0,95.0,96.0,2491.0,1371.0,475.0,300.0,475.0,300.0,10150.0,8275.0,2000.0,2175.0,5300.0,4750.0,335.0,604.0,150.0,25.0,150.0,25.0,700.0,1900.0,600.0,1600.0,0.0,0.0,100.0,300.0,59.0,47.0
69,1b017c9c244e1c635a717f5a69b45afee739737b6ed594c00476088fdfe1ce92,2,Protoss,Protoss,690.0,125.0,117.0,95.0,97.0,2547.0,1399.0,475.0,300.0,475.0,300.0,10150.0,8375.0,2000.0,2175.0,5300.0,4850.0,335.0,627.0,150.0,25.0,150.0,25.0,700.0,1900.0,600.0,1600.0,0.0,0.0,100.0,300.0,59.0,49.0
70,1b017c9c244e1c635a717f5a69b45afee739737b6ed594c00476088fdfe1ce92,2,Protoss,Protoss,700.0,125.0,125.0,98.0,100.0,2603.0,1735.0,475.0,300.0,475.0,300.0,10250.0,8475.0,2000.0,2075.0,5400.0,5050.0,335.0,649.0,150.0,25.0,150.0,25.0,700.0,1600.0,600.0,1300.0,0.0,0.0,100.0,300.0,61.0,51.0
71,1b017c9c244e1c635a717f5a69b45afee739737b6ed594c00476088fdfe1ce92,2,Protoss,Protoss,710.0,125.0,125.0,101.0,104.0,2491.0,1903.0,475.0,300.0,475.0,300.0,10400.0,8800.0,2000.0,2300.0,5550.0,5150.0,313.0,694.0,150.0,25.0,150.0,25.0,700.0,2025.0,600.0,1725.0,0.0,0.0,100.0,300.0,64.0,53.0
72,1b017c9c244e1c635a717f5a69b45afee739737b6ed594c00476088fdfe1ce92,2,Protoss,Protoss,720.0,125.0,125.0,113.0,105.0,2687.0,2099.0,475.0,300.0,475.0,300.0,11075.0,8925.0,2675.0,2300.0,5550.0,5275.0,313.0,671.0,150.0,25.0,150.0,25.0,850.0,2025.0,750.0,1725.0,0.0,0.0,100.0,300.0,64.0,54.0
73,1b017c9c244e1c635a717f5a69b45afee739737b6ed594c00476088fdfe1ce92,2,Protoss,Protoss,730.0,133.0,125.0,114.0,109.0,2659.0,1931.0,475.0,300.0,475.0,300.0,11325.0,9150.0,2675.0,2350.0,5800.0,5450.0,313.0,739.0,150.0,25.0,150.0,25.0,850.0,2175.0,750.0,1875.0,0.0,0.0,100.0,300.0,67.0,56.0
74,1b017c9c244e1c635a717f5a69b45afee739737b6ed594c00476088fdfe1ce92,2,Protoss,Protoss,740.0,133.0,125.0,114.0,112.0,2715.0,1931.0,575.0,300.0,575.0,300.0,11225.0,9200.0,2575.0,2350.0,5800.0,5500.0,335.0,806.0,150.0,25.0,150.0,25.0,850.0,2175.0,750.0,1875.0,0.0,0.0,100.0,300.0,67.0,57.0
75,1b017c9c244e1c635a717f5a69b45afee739737b6ed594c00476088fdfe1ce92,2,Protoss,Protoss,750.0,133.0,125.0,101.0,119.0,2659.0,2043.0,1275.0,300.0,1275.0,300.0,10575.0,9600.0,1875.0,2600.0,5850.0,5650.0,335.0,873.0,150.0,25.0,150.0,25.0,850.0,1975.0,750.0,1675.0,0.0,0.0,100.0,300.0,68.0,60.0
76,1b017c9c244e1c635a717f5a69b45afee739737b6ed594c00476088fdfe1ce92,2,Protoss,Protoss,760.0,133.0,125.0,96.0,119.0,2799.0,2071.0,1675.0,400.0,1525.0,400.0,10375.0,9875.0,1625.0,2675.0,5900.0,5700.0,335.0,963.0,250.0,50.0,250.0,50.0,750.0,2325.0,650.0,1925.0,0.0,0.0,100.0,400.0,69.0,61.0
77,1b017c9c244e1c635a717f5a69b45afee739737b6ed594c00476088fdfe1ce92,2,Protoss,Protoss,770.0,133.0,133.0,106.0,119.0,2687.0,2155.0,2300.0,700.0,2150.0,700.0,10500.0,9825.0,1500.0,2425.0,5950.0,5900.0,335.0,985.0,500.0,50.0,500.0,50.0,700.0,2475.0,600.0,2075.0,0.0,0.0,100.0,400.0,70.0,63.0
78,1b017c9c244e1c635a717f5a69b45afee739737b6ed594c00476088fdfe1ce92,2,Protoss,Protoss,780.0,133.0,133.0,96.0,123.0,2799.0,2155.0,2900.0,825.0,2750.0,825.0,10700.0,10050.0,1500.0,2550.0,5950.0,6000.0,313.0,985.0,700.0,100.0,700.0,100.0,500.0,2575.0,400.0,2175.0,0.0,0.0,100.0,400.0,70.0,65.0
79,1b017c9c244e1c635a717f5a69b45afee739737b6ed594c00476088fdfe1ce92,2,Protoss,Protoss,790.0,148.0,133.0,92.0,120.0,2771.0,2239.0,3650.0,1025.0,3500.0,1025.0,10475.0,9825.0,875.0,2275.0,6350.0,6050.0,313.0,985.0,800.0,150.0,800.0,150.0,450.0,2300.0,350.0,1900.0,0.0,0.0,100.0,400.0,70.0,66.0
80,1b017c9c244e1c635a717f5a69b45afee739737b6ed594c00476088fdfe1ce92,2,Protoss,Protoss,800.0,148.0,141.0,86.0,127.0,2995.0,2267.0,4325.0,1025.0,4175.0,1025.0,10200.0,10325.0,600.0,2575.0,6350.0,6250.0,313.0,1007.0,950.0,150.0,950.0,150.0,300.0,2625.0,200.0,2225.0,0.0,0.0,100.0,400.0,70.0,68.0
81,1b017c9c244e1c635a717f5a69b45afee739737b6ed594c00476088fdfe1ce92,2,Protoss,Protoss,810.0,148.0,141.0,87.0,123.0,2967.0,2267.0,4475.0,1200.0,4275.0,1200.0,10550.0,10425.0,1000.0,2575.0,6300.0,6350.0,335.0,985.0,950.0,425.0,950.0,425.0,300.0,2550.0,200.0,2150.0,0.0,0.0,100.0,400.0,69.0,70.0
82,1b017c9c244e1c635a717f5a69b45afee739737b6ed594c00476088fdfe1ce92,2,Protoss,Protoss,820.0,148.0,149.0,86.0,125.0,2995.0,2435.0,5125.0,1325.0,4775.0,1325.0,10100.0,10450.0,700.0,2500.0,6150.0,6450.0,313.0,963.0,950.0,475.0,950.0,475.0,300.0,2650.0,200.0,2250.0,0.0,0.0,100.0,400.0,66.0,70.0
83,1b017c9c244e1c635a717f5a69b45afee739737b6ed594c00476088fdfe1ce92,2,Protoss,Protoss,830.0,148.0,157.0,84.0,123.0,2967.0,2519.0,5525.0,1500.0,5175.0,1500.0,10125.0,10500.0,725.0,2450.0,6150.0,6550.0,335.0,963.0,950.0,750.0,950.0,750.0,350.0,2425.0,250.0,2025.0,0.0,0.0,100.0,400.0,66.0,70.0
84,1b017c9c244e1c635a717f5a69b45afee739737b6ed594c00476088fdfe1ce92,2,Protoss,Protoss,840.0,148.0,157.0,86.0,119.0,2379.0,2575.0,5750.0,1675.0,5400.0,1675.0,10275.0,10325.0,875.0,2275.0,6150.0,6550.0,335.0,985.0,1000.0,1025.0,1000.0,1025.0,450.0,2150.0,350.0,1750.0,0.0,0.0,100.0,400.0,66.0,70.0
85,1b017c9c244e1c635a717f5a69b45afee739737b6ed594c00476088fdfe1ce92,2,Protoss,Protoss,850.0,148.0,165.0,87.0,119.0,2099.0,2575.0,5750.0,1950.0,5400.0,1950.0,10575.0,10200.0,1175.0,2050.0,6150.0,6650.0,313.0,963.0,1000.0,1300.0,1000.0,1300.0,450.0,1975.0,350.0,1575.0,0.0,0.0,100.0,400.0,66.0,70.0
86,1b017c9c244e1c635a717f5a69b45afee739737b6ed594c00476088fdfe1ce92,2,Protoss,Protoss,860.0,148.0,165.0,85.0,119.0,1959.0,2519.0,6175.0,2150.0,5725.0,2150.0,10250.0,10100.0,950.0,1950.0,6150.0,6650.0,313.0,1007.0,1050.0,1350.0,1050.0,1350.0,400.0,1925.0,300.0,1525.0,0.0,0.0,100.0,400.0,66.0,70.0
87,1b017c9c244e1c635a717f5a69b45afee739737b6ed594c00476088fdfe1ce92,2,Protoss,Protoss,870.0,148.0,165.0,86.0,111.0,2071.0,2603.0,6400.0,2525.0,5950.0,2525.0,10375.0,9950.0,1025.0,1800.0,6200.0,6650.0,335.0,985.0,1100.0,1550.0,1100.0,1550.0,350.0,1775.0,250.0,1375.0,0.0,0.0,100.0,400.0,67.0,70.0
88,1b017c9c244e1c635a717f5a69b45afee739737b6ed594c00476088fdfe1ce92,2,Protoss,Protoss,880.0,148.0,173.0,84.0,113.0,2015.0,2491.0,6800.0,2775.0,6350.0,2775.0,10175.0,9900.0,825.0,1650.0,6200.0,6750.0,335.0,963.0,1100.0,1650.0,1100.0,1650.0,350.0,1675.0,250.0,1275.0,0.0,0.0,100.0,400.0,67.0,70.0
89,1b017c9c244e1c635a717f5a69b45afee739737b6ed594c00476088fdfe1ce92,2,Protoss,Protoss,890.0,148.0,173.0,89.0,113.0,2183.0,2519.0,6900.0,2875.0,6450.0,2875.0,10225.0,10075.0,825.0,1675.0,6250.0,6750.0,335.0,985.0,1100.0,1650.0,1100.0,1650.0,350.0,1725.0,250.0,1325.0,0.0,0.0,100.0,400.0,68.0,70.0
90,1b017c9c244e1c635a717f5a69b45afee739737b6ed594c00476088fdfe1ce92,2,Protoss,Protoss,900.0,148.0,173.0,85.0,111.0,2099.0,2547.0,7100.0,3100.0,6650.0,3100.0,10375.0,10275.0,925.0,1875.0,6300.0,6750.0,335.0,985.0,1100.0,1700.0,1100.0,1700.0,350.0,1825.0,250.0,1425.0,0.0,0.0,100.0,400.0,69.0,70.0
91,1b017c9c244e1c635a717f5a69b45afee739737b6ed594c00476088fdfe1ce92,2,Protoss,Protoss,910.0,148.0,173.0,87.0,111.0,2211.0,2575.0,7400.0,3400.0,6950.0,3400.0,10475.0,10100.0,1025.0,1700.0,6300.0,6750.0,313.0,1007.0,1100.0,2025.0,1100.0,2025.0,350.0,1550.0,250.0,1150.0,0.0,0.0,100.0,400.0,69.0,70.0
92,1b017c9c244e1c635a717f5a69b45afee739737b6ed594c00476088fdfe1ce92,2,Protoss,Protoss,920.0,148.0,173.0,87.0,103.0,2211.0,2519.0,7500.0,3800.0,7050.0,3800.0,10375.0,9925.0,925.0,1525.0,6300.0,6750.0,313.0,985.0,1100.0,2650.0,1100.0,2650.0,350.0,975.0,250.0,575.0,0.0,0.0,100.0,400.0,69.0,70.0
93,1b017c9c244e1c635a717f5a69b45afee739737b6ed594c00476088fdfe1ce92,2,Protoss,Protoss,930.0,148.0,173.0,87.0,103.0,2267.0,2603.0,7500.0,3925.0,7050.0,3925.0,10475.0,10375.0,1025.0,1525.0,6300.0,6750.0,313.0,940.0,1100.0,2700.0,1100.0,2700.0,350.0,975.0,250.0,575.0,0.0,0.0,100.0,400.0,69.0,70.0
94,1b017c9c244e1c635a717f5a69b45afee739737b6ed594c00476088fdfe1ce92,2,Protoss,Protoss,940.0,148.0,173.0,87.0,109.0,2771.0,2547.0,7500.0,3925.0,7050.0,3925.0,10475.0,10775.0,1025.0,1925.0,6300.0,6750.0,335.0,963.0,1100.0,2700.0,1100.0,2700.0,350.0,1175.0,250.0,775.0,0.0,0.0,100.0,400.0,69.0,70.0
95,1b017c9c244e1c635a717f5a69b45afee739737b6ed594c00476088fdfe1ce92,2,Protoss,Protoss,950.0,148.0,173.0,105.0,111.0,3163.0,2575.0,7500.0,3925.0,7050.0,3925.0,10475.0,11175.0,1025.0,2325.0,6300.0,6750.0,335.0,963.0,1100.0,2700.0,1100.0,2700.0,350.0,1350.0,250.0,950.0,0.0,0.0,100.0,400.0,69.0,70.0
96,1b017c9c244e1c635a717f5a69b45afee739737b6ed594c00476088fdfe1ce92,2,Protoss,Protoss,960.0,148.0,173.0,103.0,112.0,3079.0,2547.0,7600.0,3925.0,7150.0,3925.0,11500.0,11175.0,2050.0,2325.0,6300.0,6750.0,335.0,985.0,1100.0,2700.0,1100.0,2700.0,800.0,1350.0,700.0,950.0,0.0,0.0,100.0,400.0,69.0,70.0
97,1b017c9c244e1c635a717f5a69b45afee739737b6ed594c00476088fdfe1ce92,2,Protoss,Protoss,970.0,148.0,173.0,101.0,120.0,3079.0,2519.0,7700.0,3925.0,7250.0,3925.0,11400.0,11375.0,1950.0,2525.0,6300.0,6750.0,335.0,1007.0,1100.0,2700.0,1100.0,2700.0,800.0,1400.0,700.0,1000.0,0.0,0.0,100.0,400.0,69.0,70.0
98,1b017c9c244e1c635a717f5a69b45afee739737b6ed594c00476088fdfe1ce92,2,Protoss,Protoss,980.0,148.0,173.0,101.0,122.0,2743.0,2547.0,7700.0,3925.0,7250.0,3925.0,11400.0,11650.0,1950.0,2800.0,6300.0,6750.0,313.0,985.0,1100.0,2700.0,1100.0,2700.0,800.0,1600.0,700.0,1200.0,0.0,0.0,100.0,400.0,69.0,70.0
99,1b017c9c244e1c635a717f5a69b45afee739737b6ed594c00476088fdfe1ce92,2,Protoss,Protoss,990.0,148.0,188.0,101.0,125.0,2995.0,2463.0,7700.0,3925.0,7250.0,3925.0,11400.0,11975.0,1950.0,2725.0,6300.0,7150.0,313.0,895.0,1100.0,2700.0,1100.0,2700.0,800.0,1375.0,700.0,975.0,0.0,0.0,100.0,400.0,69.0,70.0
100,1b017c9c244e1c635a717f5a69b45afee739737b6ed594c00476088fdfe1ce92,2,Protoss,Protoss,1000.0,148.0,188.0,101.0,129.0,3079.0,2267.0,7700.0,3925.0,7250.0,3925.0,11400.0,12575.0,1950.0,3175.0,6300.0,7150.0,335.0,851.0,1100.0,2700.0,1100.0,2700.0,800.0,1850.0,700.0,1450.0,0.0,0.0,100.0,400.0,69.0,70.0
101,1b017c9c244e1c635a717f5a69b45afee739737b6ed594c00476088fdfe1ce92,2,Protoss,Protoss,1010.0,148.0,188.0,101.0,133.0,3107.0,2491.0,7700.0,3925.0,7250.0,3925.0,11500.0,12575.0,1950.0,3175.0,6300.0,7150.0,335.0,940.0,1100.0,2700.0,1100.0,2700.0,800.0,1850.0,700.0,1450.0,0.0,0.0,100.0,400.0,69.0,70.0
102,1b017c9c244e1c635a717f5a69b45afee739737b6ed594c00476088fdfe1ce92,2,Protoss,Protoss,1020.0,148.0,188.0,121.0,135.0,3191.0,2883.0,7700.0,3925.0,7250.0,3925.0,11600.0,12900.0,1950.0,3500.0,6300.0,7150.0,335.0,963.0,1100.0,2700.0,1100.0,2700.0,800.0,2175.0,700.0,1775.0,0.0,0.0,100.0,400.0,69.0,70.0
103,1b017c9c244e1c635a717f5a69b45afee739737b6ed594c00476088fdfe1ce92,2,Protoss,Protoss,1030.0,148.0,196.0,136.0,139.0,3135.0,2827.0,7700.0,3925.0,7250.0,3925.0,13300.0,13075.0,3450.0,3500.0,6500.0,7325.0,335.0,985.0,1100.0,2700.0,1100.0,2700.0,800.0,1875.0,700.0,1475.0,0.0,0.0,100.0,400.0,73.0,70.0
104,1b017c9c244e1c635a717f5a69b45afee739737b6ed594c00476088fdfe1ce92,2,Protoss,Protoss,1040.0,148.0,196.0,139.0,141.0,3219.0,2603.0,7700.0,3925.0,7250.0,3925.0,13300.0,13375.0,3450.0,3725.0,6500.0,7400.0,313.0,1030.0,1100.0,2700.0,1100.0,2700.0,800.0,2300.0,700.0,1900.0,0.0,0.0,100.0,400.0,73.0,70.0
105,1b017c9c244e1c635a717f5a69b45afee739737b6ed594c00476088fdfe1ce92,2,Protoss,Protoss,1050.0,148.0,196.0,140.0,141.0,3191.0,2379.0,7700.0,3925.0,7250.0,3925.0,13350.0,13575.0,3450.0,3775.0,6550.0,7400.0,313.0,1231.0,1100.0,2700.0,1100.0,2700.0,800.0,2550.0,700.0,2050.0,0.0,0.0,100.0,500.0,74.0,70.0
106,1b017c9c244e1c635a717f5a69b45afee739737b6ed594c00476088fdfe1ce92,2,Protoss,Protoss,1060.0,148.0,196.0,148.0,143.0,3219.0,2547.0,7700.0,3925.0,7250.0,3925.0,13500.0,13475.0,3450.0,3675.0,6700.0,7400.0,313.0,1321.0,1100.0,2700.0,1100.0,2700.0,800.0,2250.0,700.0,1750.0,0.0,0.0,100.0,500.0,77.0,70.0
107,1b017c9c244e1c635a717f5a69b45afee739737b6ed594c00476088fdfe1ce92,2,Protoss,Protoss,1070.0,148.0,204.0,148.0,147.0,3135.0,2519.0,7700.0,3925.0,7250.0,3925.0,13950.0,14050.0,3850.0,4000.0,6750.0,7500.0,335.0,1254.0,1100.0,2700.0,1100.0,2700.0,800.0,2675.0,700.0,2175.0,0.0,0.0,100.0,500.0,78.0,70.0
108,1b017c9c244e1c635a717f5a69b45afee739737b6ed594c00476088fdfe1ce92,2,Protoss,Protoss,1080.0,148.0,204.0,148.0,147.0,3191.0,2463.0,7700.0,3925.0,7250.0,3925.0,13950.0,14100.0,3850.0,4050.0,6750.0,7500.0,335.0,1254.0,1100.0,2700.0,1100.0,2700.0,800.0,2825.0,700.0,2325.0,0.0,0.0,100.0,500.0,78.0,70.0
109,1b017c9c244e1c635a717f5a69b45afee739737b6ed594c00476088fdfe1ce92,2,Protoss,Protoss,1090.0,148.0,204.0,148.0,151.0,3163.0,2519.0,7700.0,3925.0,7250.0,3925.0,13950.0,14100.0,3850.0,4050.0,6750.0,7500.0,335.0,1276.0,1100.0,2700.0,1100.0,2700.0,800.0,2525.0,700.0,2025.0,0.0,0.0,100.0,500.0,78.0,70.0
110,1b017c9c244e1c635a717f5a69b45afee739737b6ed594c00476088fdfe1ce92,2,Protoss,Protoss,1100.0,156.0,219.0,148.0,157.0,3303.0,2407.0,7700.0,3925.0,7250.0,3925.0,14050.0,15025.0,3850.0,4575.0,6850.0,7900.0,335.0,1321.0,1100.0,2700.0,1100.0,2700.0,800.0,2950.0,700.0,2450.0,0.0,0.0,100.0,500.0,78.0,70.0
111,1b017c9c244e1c635a717f5a69b45afee739737b6ed594c00476088fdfe1ce92,2,Protoss,Protoss,1110.0,164.0,219.0,148.0,163.0,3163.0,2267.0,7700.0,3925.0,7250.0,3925.0,14150.0,15175.0,3850.0,4575.0,6950.0,7900.0,313.0,1321.0,1100.0,2700.0,1100.0,2700.0,800.0,2950.0,700.0,2450.0,0.0,0.0,100.0,500.0,78.0,70.0
112,1b017c9c244e1c635a717f5a69b45afee739737b6ed594c00476088fdfe1ce92,2,Protoss,Protoss,1120.0,172.0,219.0,152.0,167.0,3331.0,2379.0,7700.0,3925.0,7250.0,3925.0,14250.0,15525.0,3850.0,4625.0,7050.0,7900.0,313.0,1299.0,1100.0,2700.0,1100.0,2700.0,800.0,3100.0,700.0,2600.0,0.0,0.0,100.0,500.0,78.0,70.0
113,1b017c9c244e1c635a717f5a69b45afee739737b6ed594c00476088fdfe1ce92,2,Protoss,Protoss,1130.0,180.0,219.0,153.0,169.0,2995.0,2491.0,7700.0,3925.0,7250.0,3925.0,14450.0,15475.0,3850.0,4575.0,7250.0,7900.0,313.0,1276.0,1100.0,2700.0,1100.0,2700.0,800.0,2950.0,700.0,2450.0,0.0,0.0,100.0,500.0,80.0,70.0
114,1b017c9c244e1c635a717f5a69b45afee739737b6ed594c00476088fdfe1ce92,2,Protoss,Protoss,1140.0,211.0,227.0,156.0,171.0,2827.0,2379.0,7700.0,3975.0,7250.0,3925.0,15150.0,15825.0,3850.0,4800.0,7950.0,8025.0,335.0,1276.0,1100.0,2700.0,1100.0,2700.0,800.0,3375.0,700.0,2875.0,0.0,0.0,100.0,500.0,82.0,69.0
115,1b017c9c244e1c635a717f5a69b45afee739737b6ed594c00476088fdfe1ce92,2,Protoss,Protoss,1150.0,219.0,227.0,170.0,171.0,3051.0,2351.0,7700.0,3975.0,7250.0,3925.0,15400.0,15900.0,3850.0,4800.0,8100.0,8100.0,313.0,1276.0,1100.0,2700.0,1100.0,2700.0,800.0,3375.0,700.0,2875.0,0.0,0.0,100.0,500.0,83.0,69.0
116,1b017c9c244e1c635a717f5a69b45afee739737b6ed594c00476088fdfe1ce92,2,Protoss,Protoss,1160.0,227.0,227.0,184.0,175.0,3163.0,2239.0,7800.0,3975.0,7350.0,3925.0,17125.0,16375.0,5025.0,5075.0,8350.0,8150.0,335.0,1366.0,1100.0,2700.0,1100.0,2700.0,1150.0,3575.0,1050.0,2975.0,0.0,0.0,100.0,600.0,86.0,70.0
117,1b017c9c244e1c635a717f5a69b45afee739737b6ed594c00476088fdfe1ce92,2,Protoss,Protoss,1170.0,227.0,227.0,184.0,175.0,3471.0,2267.0,7800.0,3975.0,7350.0,3925.0,17825.0,16650.0,5450.0,5350.0,8425.0,8150.0,313.0,1523.0,1100.0,2700.0,1100.0,2700.0,1200.0,3675.0,1100.0,3075.0,0.0,0.0,100.0,600.0,86.0,70.0
118,1b017c9c244e1c635a717f5a69b45afee739737b6ed594c00476088fdfe1ce92,2,Protoss,Protoss,1180.0,227.0,235.0,182.0,183.0,3723.0,2099.0,7900.0,3975.0,7450.0,3925.0,17725.0,16750.0,5350.0,5350.0,8425.0,8250.0,313.0,1545.0,1100.0,2700.0,1100.0,2700.0,1200.0,3675.0,1100.0,3075.0,0.0,0.0,100.0,600.0,86.0,70.0
119,1b017c9c244e1c635a717f5a69b45afee739737b6ed594c00476088fdfe1ce92,2,Protoss,Protoss,1190.0,227.0,243.0,192.0,179.0,3639.0,2295.0,8000.0,4250.0,7550.0,4200.0,17625.0,16850.0,5250.0,5200.0,8425.0,8350.0,313.0,1545.0,1100.0,3275.0,1100.0,3275.0,1200.0,3150.0,1100.0,2550.0,0.0,0.0,100.0,600.0,86.0,70.0
120,1b017c9c244e1c635a717f5a69b45afee739737b6ed594c00476088fdfe1ce92,2,Protoss,Protoss,1200.0,227.0,243.0,192.0,179.0,3751.0,2267.0,8000.0,4250.0,7550.0,4200.0,18225.0,17300.0,5850.0,5650.0,8425.0,8350.0,335.0,1635.0,1100.0,3275.0,1100.0,3275.0,1200.0,3250.0,1100.0,2650.0,0.0,0.0,100.0,600.0,86.0,70.0
121,1b017c9c244e1c635a717f5a69b45afee739737b6ed594c00476088fdfe1ce92,2,Protoss,Protoss,1210.0,235.0,243.0,200.0,191.0,3611.0,2267.0,8000.0,4250.0,7550.0,4200.0,19025.0,18025.0,6350.0,6075.0,8525.0,8350.0,335.0,1590.0,1100.0,3275.0,1100.0,3275.0,1400.0,3500.0,1300.0,2900.0,0.0,0.0,100.0,600.0,86.0,70.0
122,1b017c9c244e1c635a717f5a69b45afee739737b6ed594c00476088fdfe1ce92,2,Protoss,Protoss,1220.0,235.0,243.0,200.0,197.0,3723.0,2295.0,8000.0,4250.0,7550.0,4200.0,19225.0,18375.0,6350.0,6425.0,8525.0,8350.0,335.0,1635.0,1100.0,3275.0,1100.0,3275.0,1400.0,3650.0,1300.0,3050.0,0.0,0.0,100.0,600.0,86.0,70.0
123,1b017c9c244e1c635a717f5a69b45afee739737b6ed594c00476088fdfe1ce92,2,Protoss,Protoss,1230.0,235.0,243.0,200.0,197.0,3639.0,2295.0,8000.0,4250.0,7550.0,4200.0,19325.0,18625.0,6350.0,6525.0,8525.0,8350.0,335.0,1612.0,1100.0,3275.0,1100.0,3275.0,1400.0,3800.0,1300.0,3050.0,0.0,0.0,100.0,750.0,86.0,70.0
124,1b017c9c244e1c635a717f5a69b45afee739737b6ed594c00476088fdfe1ce92,2,Protoss,Protoss,1240.0,235.0,243.0,200.0,199.0,3695.0,2351.0,8000.0,4250.0,7550.0,4200.0,19325.0,18950.0,6350.0,6550.0,8525.0,8350.0,313.0,1635.0,1100.0,3275.0,1100.0,3275.0,1400.0,3700.0,1300.0,2800.0,0.0,0.0,100.0,900.0,86.0,70.0
125,1b017c9c244e1c635a717f5a69b45afee739737b6ed594c00476088fdfe1ce92,2,Protoss,Protoss,1250.0,235.0,243.0,200.0,199.0,3667.0,2295.0,8000.0,4250.0,7550.0,4200.0,19325.0,19100.0,6350.0,6550.0,8525.0,8350.0,313.0,1635.0,1100.0,3275.0,1100.0,3275.0,1400.0,3700.0,1300.0,2800.0,0.0,0.0,100.0,900.0,86.0,70.0
126,1b017c9c244e1c635a717f5a69b45afee739737b6ed594c00476088fdfe1ce92,2,Protoss,Protoss,1260.0,235.0,243.0,200.0,199.0,3611.0,2379.0,8000.0,4250.0,7550.0,4200.0,19325.0,19325.0,6350.0,6775.0,8525.0,8350.0,313.0,1635.0,1100.0,3275.0,1100.0,3275.0,1400.0,4125.0,1300.0,3225.0,0.0,0.0,100.0,900.0,86.0,70.0
127,1b017c9c244e1c635a717f5a69b45afee739737b6ed594c00476088fdfe1ce92,2,Protoss,Protoss,1270.0,235.0,243.0,200.0,199.0,3499.0,2351.0,8000.0,4250.0,7550.0,4200.0,19325.0,19600.0,6350.0,7050.0,8525.0,8350.0,335.0,1635.0,1100.0,3275.0,1100.0,3275.0,1400.0,4225.0,1300.0,3325.0,0.0,0.0,100.0,900.0,86.0,70.0
128,1b017c9c244e1c635a717f5a69b45afee739737b6ed594c00476088fdfe1ce92,2,Protoss,Protoss,1280.0,235.0,243.0,200.0,199.0,3611.0,2267.0,8000.0,4250.0,7550.0,4200.0,19325.0,19600.0,6350.0,7050.0,8525.0,8350.0,335.0,1511.0,1100.0,3275.0,1100.0,3275.0,1400.0,4225.0,1300.0,3325.0,0.0,0.0,100.0,900.0,86.0,70.0
129,1b017c9c244e1c635a717f5a69b45afee739737b6ed594c00476088fdfe1ce92,2,Protoss,Protoss,1290.0,235.0,243.0,200.0,199.0,3499.0,2323.0,8000.0,4250.0,7550.0,4200.0,19325.0,19600.0,6350.0,7050.0,8525.0,8350.0,425.0,1455.0,1100.0,3275.0,1100.0,3275.0,1400.0,4225.0,1300.0,3325.0,0.0,0.0,100.0,900.0,86.0,70.0
130,1b017c9c244e1c635a717f5a69b45afee739737b6ed594c00476088fdfe1ce92,2,Protoss,Protoss,1300.0,235.0,258.0,200.0,199.0,3555.0,2183.0,8000.0,4250.0,7550.0,4200.0,19325.0,20000.0,6350.0,7050.0,8525.0,8750.0,492.0,1343.0,1100.0,3275.0,1100.0,3275.0,1400.0,4225.0,1300.0,3325.0,0.0,0.0,100.0,900.0,86.0,70.0
131,1b017c9c244e1c635a717f5a69b45afee739737b6ed594c00476088fdfe1ce92,2,Protoss,Protoss,1310.0,235.0,258.0,200.0,199.0,3611.0,1931.0,8000.0,4250.0,7550.0,4200.0,19325.0,20000.0,6350.0,7050.0,8525.0,8750.0,492.0,1343.0,1100.0,3275.0,1100.0,3275.0,1400.0,4225.0,1300.0,3325.0,0.0,0.0,100.0,900.0,86.0,70.0
132,1b017c9c244e1c635a717f5a69b45afee739737b6ed594c00476088fdfe1ce92,2,Protoss,Protoss,1320.0,235.0,258.0,200.0,200.0,3555.0,1903.0,8000.0,4300.0,7550.0,4200.0,19325.0,19950.0,6350.0,7050.0,8525.0,8700.0,492.0,1433.0,1100.0,3275.0,1100.0,3275.0,1400.0,4225.0,1300.0,3325.0,0.0,0.0,100.0,900.0,86.0,69.0
133,1b017c9c244e1c635a717f5a69b45afee739737b6ed594c00476088fdfe1ce92,2,Protoss,Protoss,1330.0,235.0,258.0,194.0,200.0,3499.0,2071.0,8300.0,4450.0,7850.0,4200.0,19025.0,19800.0,6050.0,7050.0,8525.0,8700.0,492.0,1388.0,1100.0,3275.0,1100.0,3275.0,1400.0,4225.0,1300.0,3325.0,0.0,0.0,100.0,900.0,86.0,69.0
134,1b017c9c244e1c635a717f5a69b45afee739737b6ed594c00476088fdfe1ce92,2,Protoss,Protoss,1340.0,235.0,258.0,182.0,199.0,3471.0,2071.0,9675.0,4900.0,9125.0,4500.0,17650.0,19400.0,4775.0,6800.0,8525.0,8700.0,492.0,1366.0,1250.0,3275.0,1250.0,3275.0,1250.0,4375.0,1150.0,3475.0,0.0,0.0,100.0,900.0,86.0,69.0
135,1b017c9c244e1c635a717f5a69b45afee739737b6ed594c00476088fdfe1ce92,2,Protoss,Protoss,1350.0,235.0,258.0,172.0,197.0,3471.0,2295.0,11350.0,5550.0,10700.0,4850.0,16775.0,18825.0,4000.0,6450.0,8525.0,8775.0,470.0,1366.0,1600.0,3425.0,1600.0,3425.0,900.0,4225.0,800.0,3325.0,0.0,0.0,100.0,900.0,86.0,69.0
136,1b017c9c244e1c635a717f5a69b45afee739737b6ed594c00476088fdfe1ce92,2,Protoss,Protoss,1360.0,227.0,266.0,135.0,175.0,3415.0,2267.0,13400.0,6875.0,12600.0,6175.0,15425.0,18075.0,2800.0,5475.0,8375.0,9000.0,492.0,1411.0,1800.0,3850.0,1800.0,3850.0,700.0,3900.0,600.0,3000.0,0.0,0.0,100.0,900.0,85.0,70.0
137,1b017c9c244e1c635a717f5a69b45afee739737b6ed594c00476088fdfe1ce92,2,Protoss,Protoss,1370.0,204.0,266.0,119.0,171.0,3163.0,2295.0,14925.0,7500.0,13025.0,6800.0,13900.0,18050.0,2375.0,5150.0,7275.0,9000.0,470.0,1433.0,1850.0,4100.0,1850.0,4100.0,650.0,3650.0,550.0,2750.0,0.0,0.0,100.0,900.0,73.0,70.0
138,1b017c9c244e1c635a717f5a69b45afee739737b6ed594c00476088fdfe1ce92,2,Protoss,Protoss,1380.0,204.0,266.0,119.0,177.0,2463.0,2239.0,15725.0,7725.0,13325.0,7025.0,13800.0,17975.0,2775.0,5075.0,7075.0,9000.0,492.0,1478.0,1850.0,4150.0,1850.0,4150.0,650.0,3725.0,550.0,2825.0,0.0,0.0,100.0,900.0,69.0,70.0
139,1b017c9c244e1c635a717f5a69b45afee739737b6ed594c00476088fdfe1ce92,2,Protoss,Protoss,1390.0,204.0,266.0,127.0,179.0,2379.0,2295.0,16325.0,8050.0,13725.0,7350.0,13575.0,18225.0,2750.0,5175.0,7075.0,9000.0,492.0,1545.0,1850.0,4200.0,1850.0,4200.0,800.0,4000.0,700.0,3100.0,0.0,0.0,100.0,900.0,69.0,70.0
140,1b017c9c244e1c635a717f5a69b45afee739737b6ed594c00476088fdfe1ce92,2,Protoss,Protoss,1400.0,204.0,274.0,105.0,161.0,2267.0,2295.0,17525.0,9250.0,14925.0,8550.0,13000.0,17125.0,2175.0,3975.0,7075.0,9100.0,358.0,1545.0,2050.0,4525.0,2050.0,4525.0,850.0,3675.0,750.0,2775.0,0.0,0.0,100.0,900.0,69.0,70.0
141,1b017c9c244e1c635a717f5a69b45afee739737b6ed594c00476088fdfe1ce92,2,Protoss,Protoss,1410.0,204.0,274.0,103.0,153.0,2183.0,2323.0,18450.0,9825.0,15850.0,9125.0,12075.0,16975.0,1250.0,3675.0,7075.0,9100.0,156.0,1478.0,2300.0,4675.0,2300.0,4675.0,600.0,3625.0,500.0,2725.0,0.0,0.0,100.0,900.0,69.0,70.0
142,1b017c9c244e1c635a717f5a69b45afee739737b6ed594c00476088fdfe1ce92,2,Protoss,Protoss,1420.0,204.0,274.0,79.0,147.0,2099.0,2155.0,19825.0,10475.0,17225.0,9775.0,11400.0,16900.0,575.0,3450.0,7075.0,9100.0,156.0,1567.0,2650.0,4975.0,2650.0,4975.0,250.0,3375.0,150.0,2475.0,0.0,0.0,100.0,900.0,69.0,70.0
143,1b017c9c244e1c635a717f5a69b45afee739737b6ed594c00476088fdfe1ce92,2,Protoss,Protoss,1430.0,204.0,274.0,86.0,151.0,2015.0,2323.0,20325.0,10525.0,17675.0,9825.0,11150.0,17350.0,375.0,3600.0,7025.0,9100.0,156.0,1612.0,2750.0,5125.0,2750.0,5125.0,250.0,3250.0,150.0,2350.0,0.0,0.0,100.0,900.0,68.0,70.0
144,1b017c9c244e1c635a717f5a69b45afee739737b6ed594c00476088fdfe1ce92,2,Protoss,Protoss,1440.0,204.0,274.0,77.0,151.0,2015.0,2183.0,20875.0,10825.0,18175.0,10125.0,11350.0,17400.0,625.0,3650.0,6975.0,9100.0,156.0,1657.0,2950.0,5450.0,2950.0,5450.0,350.0,3100.0,250.0,2200.0,0.0,0.0,100.0,900.0,67.0,70.0
145,1b017c9c244e1c635a717f5a69b45afee739737b6ed594c00476088fdfe1ce92,2,Protoss,Protoss,1450.0,204.0,274.0,83.0,147.0,1987.0,2267.0,21375.0,11275.0,18675.0,10575.0,10850.0,17775.0,125.0,3875.0,6975.0,9100.0,179.0,1747.0,3150.0,5825.0,3150.0,5825.0,150.0,2975.0,50.0,2075.0,0.0,0.0,100.0,900.0,67.0,70.0
146,1b017c9c244e1c635a717f5a69b45afee739737b6ed594c00476088fdfe1ce92,2,Protoss,Protoss,1460.0,204.0,274.0,75.0,143.0,1959.0,2071.0,21775.0,11575.0,19075.0,10875.0,11150.0,18025.0,425.0,3975.0,6975.0,9100.0,179.0,1747.0,3150.0,6150.0,3150.0,6150.0,150.0,2875.0,50.0,1975.0,0.0,0.0,100.0,900.0,67.0,70.0
147,1b017c9c244e1c635a717f5a69b45afee739737b6ed594c00476088fdfe1ce92,2,Protoss,Protoss,1470.0,204.0,274.0,83.0,149.0,1987.0,2267.0,22175.0,11675.0,19475.0,10975.0,11550.0,18050.0,825.0,4000.0,6975.0,9100.0,156.0,1769.0,3150.0,6150.0,3150.0,6150.0,150.0,2925.0,50.0,2025.0,0.0,0.0,100.0,900.0,67.0,70.0
148,1b017c9c244e1c635a717f5a69b45afee739737b6ed594c00476088fdfe1ce92,2,Protoss,Protoss,1480.0,212.0,274.0,69.0,149.0,1651.0,2071.0,22875.0,11875.0,20175.0,11175.0,10950.0,18075.0,125.0,4025.0,7075.0,9100.0,156.0,1791.0,3150.0,6150.0,3150.0,6150.0,150.0,2975.0,50.0,2075.0,0.0,0.0,100.0,900.0,67.0,70.0
149,1b017c9c244e1c635a717f5a69b45afee739737b6ed594c00476088fdfe1ce92,2,Protoss,Protoss,1490.0,205.0,274.0,82.0,153.0,1007.0,2267.0,23425.0,11875.0,20175.0,11175.0,11200.0,18275.0,825.0,4225.0,6725.0,9100.0,156.0,1769.0,3150.0,6150.0,3150.0,6150.0,150.0,2975.0,50.0,2075.0,0.0,0.0,100.0,900.0,66.0,70.0
150,1b017c9c244e1c635a717f5a69b45afee739737b6ed594c00476088fdfe1ce92,2,Protoss,Protoss,1500.0,205.0,274.0,79.0,149.0,1035.0,1987.0,24075.0,12275.0,20675.0,11575.0,10550.0,18175.0,325.0,4125.0,6675.0,9100.0,156.0,1769.0,3150.0,6400.0,3150.0,6400.0,150.0,2975.0,50.0,2075.0,0.0,0.0,100.0,900.0,65.0,70.0
151,1b017c9c244e1c635a717f5a69b45afee739737b6ed594c00476088fdfe1ce92,2,Protoss,Protoss,1510.0,189.0,274.0,83.0,155.0,1007.0,2127.0,24275.0,12275.0,20475.0,11575.0,10750.0,18425.0,925.0,4375.0,6475.0,9100.0,179.0,1791.0,3150.0,6400.0,3150.0,6400.0,150.0,3150.0,50.0,2250.0,0.0,0.0,100.0,900.0,65.0,70.0
152,1b017c9c244e1c635a717f5a69b45afee739737b6ed594c00476088fdfe1ce92,2,Protoss,Protoss,1520.0,189.0,274.0,77.0,155.0,979.0,2099.0,24575.0,12400.0,20775.0,11700.0,10450.0,18350.0,625.0,4300.0,6475.0,9100.0,179.0,1769.0,3150.0,6450.0,3150.0,6450.0,150.0,3200.0,50.0,2300.0,0.0,0.0,100.0,900.0,65.0,70.0
153,1b017c9c244e1c635a717f5a69b45afee739737b6ed594c00476088fdfe1ce92,2,Protoss,Protoss,1530.0,189.0,274.0,81.0,159.0,867.0,2183.0,25075.0,12525.0,21275.0,11825.0,9950.0,18375.0,125.0,4325.0,6475.0,9100.0,156.0,1769.0,3150.0,6500.0,3150.0,6500.0,150.0,3000.0,50.0,2100.0,0.0,0.0,100.0,900.0,65.0,70.0
154,1b017c9c244e1c635a717f5a69b45afee739737b6ed594c00476088fdfe1ce92,2,Protoss,Protoss,1540.0,189.0,274.0,67.0,155.0,895.0,2127.0,25775.0,12775.0,21975.0,12075.0,9950.0,18525.0,125.0,4475.0,6475.0,9100.0,156.0,1769.0,3150.0,6600.0,3150.0,6600.0,150.0,3225.0,50.0,2325.0,0.0,0.0,100.0,900.0,65.0,70.0
155,1b017c9c244e1c635a717f5a69b45afee739737b6ed594c00476088fdfe1ce92,2,Protoss,Protoss,1550.0,204.0,274.0,72.0,159.0,895.0,2155.0,26125.0,12775.0,21975.0,12075.0,10000.0,18625.0,125.0,4575.0,6825.0,9100.0,156.0,1769.0,3150.0,6600.0,3150.0,6600.0,150.0,3525.0,50.0,2625.0,0.0,0.0,100.0,900.0,64.0,70.0
156,1b017c9c244e1c635a717f5a69b45afee739737b6ed594c00476088fdfe1ce92,2,Protoss,Protoss,1560.0,204.0,274.0,70.0,164.0,951.0,2043.0,26425.0,12775.0,22275.0,12075.0,10450.0,18675.0,125.0,4625.0,6825.0,9100.0,156.0,1791.0,3150.0,6600.0,3150.0,6600.0,150.0,3675.0,50.0,2775.0,0.0,0.0,100.0,900.0,64.0,70.0
157,1b017c9c244e1c635a717f5a69b45afee739737b6ed594c00476088fdfe1ce92,2,Protoss,Protoss,1570.0,181.0,274.0,70.0,172.0,1483.0,2071.0,26925.0,12775.0,22275.0,12075.0,10750.0,18625.0,325.0,4575.0,6325.0,9100.0,67.0,1747.0,3150.0,6600.0,3150.0,6600.0,150.0,3525.0,50.0,2625.0,0.0,0.0,100.0,900.0,64.0,70.0
158,1b017c9c244e1c635a717f5a69b45afee739737b6ed594c00476088fdfe1ce92,2,Protoss,Protoss,1580.0,173.0,274.0,66.0,170.0,1679.0,2127.0,27375.0,12825.0,22475.0,12125.0,10950.0,18900.0,125.0,4850.0,6225.0,9100.0,67.0,1713.0,3150.0,6750.0,3150.0,6750.0,150.0,3775.0,50.0,2875.0,0.0,0.0,100.0,900.0,64.0,70.0
159,1b017c9c244e1c635a717f5a69b45afee739737b6ed594c00476088fdfe1ce92,2,Protoss,Protoss,1590.0,173.0,289.0,74.0,172.0,1819.0,2071.0,27375.0,12875.0,22475.0,12175.0,11650.0,19500.0,525.0,5050.0,6225.0,9500.0,22.0,1646.0,3150.0,6900.0,3150.0,6900.0,150.0,3775.0,50.0,2875.0,0.0,0.0,100.0,900.0,64.0,70.0
160,1b017c9c244e1c635a717f5a69b45afee739737b6ed594c00476088fdfe1ce92,2,Protoss,Protoss,1600.0,173.0,289.0,74.0,183.0,1707.0,2183.0,27900.0,12875.0,22700.0,12175.0,11425.0,19650.0,600.0,5200.0,6125.0,9500.0,67.0,1590.0,3200.0,6900.0,3200.0,6900.0,100.0,3925.0,0.0,3025.0,0.0,0.0,100.0,900.0,62.0,70.0
161,1b017c9c244e1c635a717f5a69b45afee739737b6ed594c00476088fdfe1ce92,2,Protoss,Protoss,1610.0,173.0,289.0,71.0,181.0,1763.0,2043.0,28150.0,12975.0,22700.0,12275.0,11175.0,20050.0,600.0,5600.0,5975.0,9500.0,22.0,1635.0,3200.0,6900.0,3200.0,6900.0,100.0,3925.0,0.0,3025.0,0.0,0.0,100.0,900.0,59.0,70.0
162,1b017c9c244e1c635a717f5a69b45afee739737b6ed594c00476088fdfe1ce92,2,Protoss,Protoss,1620.0,150.0,289.0,56.0,191.0,1679.0,2183.0,29600.0,12975.0,22900.0,12275.0,9725.0,20100.0,400.0,5650.0,4925.0,9500.0,67.0,1679.0,3200.0,6900.0,3200.0,6900.0,100.0,4075.0,0.0,3175.0,0.0,0.0,100.0,900.0,48.0,70.0
163,1b017c9c244e1c635a717f5a69b45afee739737b6ed594c00476088fdfe1ce92,2,Protoss,Protoss,1630.0,150.0,289.0,54.0,193.0,1315.0,2267.0,29700.0,12975.0,23000.0,12275.0,9625.0,20200.0,300.0,5750.0,4925.0,9500.0,44.0,1635.0,3200.0,6900.0,3200.0,6900.0,100.0,4075.0,0.0,3175.0,0.0,0.0,100.0,900.0,48.0,70.0
164,1b017c9c244e1c635a717f5a69b45afee739737b6ed594c00476088fdfe1ce92,2,Protoss,Protoss,1640.0,150.0,289.0,48.0,195.0,1203.0,2295.0,30000.0,12975.0,23300.0,12275.0,9325.0,20950.0,0.0,6350.0,4925.0,9500.0,44.0,1567.0,3200.0,6900.0,3200.0,6900.0,100.0,4525.0,0.0,3475.0,0.0,0.0,100.0,1050.0,48.0,70.0
165,1b017c9c244e1c635a717f5a69b45afee739737b6ed594c00476088fdfe1ce92,2,Protoss,Protoss,1650.0,150.0,297.0,36.0,199.0,1091.0,2351.0,31000.0,12975.0,23400.0,12275.0,8725.0,21050.0,300.0,6350.0,4025.0,9600.0,22.0,1635.0,3200.0,6900.0,3200.0,6900.0,100.0,4525.0,0.0,3475.0,0.0,0.0,100.0,1050.0,30.0,70.0
